"unit","population"
"03401",0.030823100004097
"03402",0.0208682438832255
"03403",0.0642293271740678
"03404",0.0671406185794504
"03405",0.0343116197318789
"03451",0.0464557248028479
"03452",0.0769307841178243
"03453",0.0621779964457663
"03454",0.124829782547585
"03455",0.0412363313915259
"03456",0.0539402221862553
"03457",0.0667443065127013
"03458",0.0505283687641189
"03459",0.145236406029622
"03460",0.0529244950469104
"03461",0.0382284972308861
"03462",0.0233941755512368
